network_type_id,network_name
1,SCTV
2,Facebook
3,NT1
4,SHO.com
5,Sparkk tv
6,Askania Media Filmproduktion
7,OCS Max
8,Hokkaido Cultural Broadcasting
9,WQED Multimedia
10,Apple TV+
11,Cottage Life
12,Al Rasheed TV
13,MTV Lebanon
14,Skai
15,GYAO! Store
16,Christian Broadcasting Network
17,ORTF Télévision 3
18,DTV
19,Pogo
20,湖南广播影视集团有限公司
21,YuppTV
22,HTB
23,Anhui Television
24,The Comedy Network
25,Jovem Pan News
26,MTV Poland
27,Novyi Kanal
28,KTV
29,RTP Memória
30,ANT1
31,Canal 10
32,Shoptime
33,NHK WORLD-JAPAN
34,ITV2
35,Prima COOL
36,Fox Sports
37,UrduFlix
38,PTV One
39,KnowBe4
40,GLP4 PLAY
41,MNM
42,KoldCast TV
43,Hulu
44,EO
45,Pure Flix
46,Prime Time Entertainment Network
47,TVOKids
48,Means TV
49,ESPN2
50,Gizmoplex
51,Spike (GB)
52,RecordTV
53,RTL-TVI
54,ICTV
55,RTV Katwijk
56,iTunes Store
57,China Education Television
58,Rede Bahia
59,Atomic Network
60,TVBS
61,TLC
62,TikTok
63,KTTV
64,MBC M
65,bilibili
66,Swear.net
67,NHK BS4K
68,Astro GO
69,Smithsonian Channel 
70,NOW Claro
71,Hero TV
72,Yes TV
73,Prime Video
74,Prime
75,Disney Junior Brasil
76,Hum TV
77,ファミリー劇場
78,Channel 2
79,Cornerstone Television
80,Discovery International
81,ENV
82,Mediaset Premium
83,Intercontinental Broadcasting Corporation
84,CONMEBOL Libertadores
85,myVideo
86,ViX
87,Programme One
88,Blim
89,VPRO
90,TeleOnce
91,Colors
92,C-SPAN
93,PTS
94,Exxen
95,Workpoint TV
96,tvN SHOW
97,Télétoon
98,Crime District
99,NTV MIR
100,The New TNN
101,ADTV
102,El Djazairia One
103,Perfo Production
104,Niconico
105,Televizija Sarajevo
106,DiaTV
107,G4
108,AwesomenessTV App
109,d Anime Store
110,MTV Russia
111,Bandai Channel
112,Hokuriku Asahi Broadcasting
113,SET Metro
114,SVT
115,SAPO Vídeos
116,Hungama TV
117,Ordu Altaş TV
118,wifey.tv
119,Investigação Discovery
120,tvonic
121,NOVE
122,Looke
123,Canal 24 Horas
124,elhiwar ettounsi
125,tvmas
126,Fox Premium Series
127,Syfy
128,retro-tv
129,Planète+
130,สถานีโทรทัศน์ช่อง 3
131,NRW TV
132,Habertürk TV
133,SPACE SHOWER TV
134,Super RTL
135,Barça Tv
136,TVA
137,CITV
138,ITVBe
139,KRY
140,IB SPORTS
141,WGN America
142,Tring Shqip
143,ACC Network
144,Abendblatt TV
145,Mega TV
146,Planeta Junior
147,RNC
148,RCC
149,Tiji
150,The N
151,Fox8
152,firefly.rs
153,Évasion
154,ABC.com
155,Radiotelevizija Beograd
156,Slovenská televízia Košice
157,TeNY
158,VOOT
159,DRTV
160,TV 13
161,Domo+
162,nuvoTV
163,Discovery JEET
164,Acasă
165,Disney XD
166,TV Centre
167,Kanal 4
168,mtmad
169,Savoir média
170,Haokan
171,SpiegelTV
172,WOR-TV
173,RDS Info
174,华视
175,5Star
176,NCRV
177,山东电视台电视剧制作中心
178,EBC Drama
179,Henan TV
180,Playboy TV
181,Okoo
182,Videoland
183,UKTV Food
184,Sveriges Radio & TV
185,Canal 34 de Televisión Mexiquense
186,AVROTROS
187,Stan
188,Ora TV
189,Bio.
190,BBC Red Button
191,Yoopa
192,新疆卫视
193,moietcie.ca
194,TV Shizuoka
195,APTN
196,Rai 2
197,iHQ
198,BBC UKTV
199,24Kitchen
200,Mondo Media
201,Voice tv
202,Krone.TV
203,Crime & Investigation Network
204,Carousel
205,MMTV
206,arte.tv
207,TIMVision
208,Sony Channel
209,5USA
210,iQiyi (CN)
211,Sky Serie
212,Ishara TV
213,OCS
214,3min
215,Tipik
216,山西卫视
217,MBC + Drama
218,friDay Video
219,Iwate Menkoi Television
220,Tentime
221,CNN Max
222,UTV
223,Atresplayer Premium
224,Teleview TV
225,kabel eins
226,Channel 8
227,TV WAU
228,Premier
229,BSN
230,FoxPlay
231,قناة صدى البلد دراما
232,Pro TV
233,OCS City
234,Eleven
235,Star TV
236,KVCW
237,Aftonbladet TV
238,BRB Internacional
239,MDR Fernsehen
240,Super TV2
241,Show TV
242,Fifth Channel
243,OK Motion Studio
244,Astro Shuang Xing
245,Al Fallujah Tv
246,MGM Television
247,The Fantasy Network
248,RaiSat Ragazzi
249,MTV 
250,HLN
251,histoire
252,KECA-TV
253,Imparja Television
254,SwearNet
255,APTN lumi
256,Mie TV
257,Dumpert
258,N24
259,ICI Radio-Canada Télé
260,BBC Scotland
261,LifeStyle
262,RTL Living
263,Óčko
264,canalvie.com
265,TV Perú
266,VTM 2
267,NTN
268,Treehouse TV
269,Super Deluxe
270,TVA Sports
271,RTL 5
272,SVT Barn
273,Couleur 3
274,Sky News Australia
275,KYW-TV
276,Comcast SportsNet
277,RTL Televizija
278,Velocity
279,Discovery+ 
280,VideoLand Movie
281,Okolo Kino
282,Megogo
283,Club Illico
284,Ecuavisa
285,J Storm Inc.
286,vrak.tv
287,Jak TV
288,E Channel
289,TVNZ+
290,MBC MASR
291,Diyanet TV
292,QQLive
293,Commercial Television
294,WKAQ-TV
295,Paramount Comedy 1
296,ON
297,RTL Z
298,Pop
299,Channel J
300,ART Hekayat Kaman
301,Bile TV
302,NHK Digital Satellite HD
303,Cartoon Network
304,Rabbit
305,Televize Seznam
306,ABC Spark
307,CBC News Network
308,ITV1
309,Veronica
310,AB1
311,GMA Pinoy TV
312,Overmyer Network
313,Star
314,DTour
315,RTL Gold
316,Lahore News HD
317,All-Nippon News Network
318,GMMTV
319,The WB
320,ARD
321,Merbar Original
322,캐리TV
323,ZWLS
324,TVNOW
325,ET-3
326,JRT
327,Net5
328,Hokuriku Broadcasting
329,AXN Asia
330,HotHit
331,ART TV
332,KRO-NCRV
333,ANS TV
334,Astro
335,Animal Planet
336,Sports Live+
337,Television Azerbaijan SSR
338,Obi
339,Lionsgate+
340,Fearless
341,Twitter
342,Hunan Television
343,2×2
344,Elisa Viihde Viaplay
345,Antena 7
346,CAD Premium
347,Cinematic
348,Ehime Asahi TV
349,Jalwa
350,Ülke TV
351,Welt
352,W.
353,NAVER TV
354,Venevisión
355,Distrito Comedia
356,Flowers TV
357,Geo Kahani
358,Angel Studios
359,justepourrire.com
360,SnackableTV
361,Green Tv Entertainment
362,C More
363,element14
364,Speed
365,KRON-TV
366,OLL.TV
367,meWATCH
368,Primeflix
369,成都电视台
370,CBBC
371,T HD
372,Vimeo
373,Azteca Trece
374,Télétoon+
375,yes
376,Tele 5
377,Telemedellín
378,ABEMA
379,Boing
380,Dunya TV
381,KTH
382,Downtown Pictures Production (EE)
383,DDR-F1
384,Sky Atlantic
385,TOCA BOCA
386,Mondo TV
387,ABS
388,Channel W
389,Bol News
390,MediaCorp Channel Suria
391,POP TV
392,Trans7
393,Iwate Asahi TV
394,Player
395,kakao page
396,Urban Wall Street
397,METAFORA
398,O Channel
399,BBC Lifestyle
400,RT
401,Obbod TV
402,Mzanzi Magic
403,Digital Playground
404,CTV News Channel
405,UKTV Play
406,Syria TV
407,Divinity
408,Discovery Channel 
409,ichannel
410,Retro Television Network
411,Kabel 1 Doku
412,Sportsnet
413,DZ Distribution LLC
414,Link TV
415,eoTV
416,KSB
417,NJTV-3
418,TVQ
419,mitele
420,Eko
421,Palladia
422,DABL
423,AIS PLAY
424,bTV
425,Sky Sports
426,TVE Brasil
427,FOD
428,SportKlub
429,GameTap
430,SkyShowtime
431,Lifestyle FOOD
432,News One
433,Jamie Shertick Productions
434,RTL II You
435,TVP VOD
436,Fox
437,NQQ
438,브라보키즈
439,NRK3
440,KlikFilm
441,IB3
442,MBC 2
443,Go3
444,BBC One Scotland
445,Yahoo! TV
446,Africa Magic Showcase
447,Tr3s
448,Channel News Asia
449,Lionsgate Play
450,Magnolia Network
451,MALL.TV
452,TVING
453,PBS Digital Studios
454,Golf Channel
455,OBBOD
456,LBCI
457,GO3 (EE)
458,中央电视台影视部
459,Viasat 4
460,Arena
461,Big Magic
462,Kanaltürk
463,BBC America
464,동아TV
465,ManiaTV!
466,One
467,Style 360
468,TNT Latin America
469,140 Journos
470,TrinkFlix
471,NOVA
472,SoHo
473,PTN
474,ESPN360
475,Paramount Network
476,Vodafone TV
477,Discovery World
478,宁波新闻综合频道
479,KREAM
480,Viceland
481,Nicktoons
482,ONTV Nigeria
483,4fun.tv
484,BBC Television
485,Weyyak
486,Sony Liv
487,ABC iview
488,HRT 1
489,RTI (C)
490,Sony Entertainment Television
491,HERO'S
492,Hipstr
493,Voyo
494,RTM1
495,CordesFlix
496,U-NEXT
497,Duna World
498,Wolo Tv
499,U+ IDOL LIVE
500,Panorama Drama
501,Weibo
502,Fox Sports 2
503,UA: PERSHYI
504,SuperPelis
505,Italia 1
506,STAR Vijay
507,HKTV
508,Happy! Douga
509,4Music
510,Zaragoza TV
511,Sleutelstad TV
512,LOGOonline
513,Ningxia Television
514,Mnet
515,Vasanth TV
516,Modo Viagem
517,ERF 1
518,Quest Red 
519,KOMO-TV
520,Play UK
521,Jiangsu Television
522,TVI24
523,Fairchild TV
524,Investigation Discovery
525,Play5
526,ONE TV
527,Topic
528,CHOCO TV
529,Telemundo
530,National Educational Television
531,Anime Network
532,ABP News
533,MTV Canada
534,SBS TV
535,France Ô
536,ZDFneo
537,RTV 1
538,Sky Cinema
539,Cuatro
540,WinWin
541,ATC
542,Telecentro
543,Unis TV
544,Sky Comedy
545,Séries+
546,PassionFlix
547,World Fishing Network
548,YouTube
549,Channel Eser
550,MUSIC ON! TV
551,Massengeschmack.TV
552,TVA+
553,RTB
554,Minimax
555,Kayo Pops Channel
556,Sari-Sari Channel
557,Marte Televisión
558,Azteca América
559,Bip
560,FEM
561,NTA Film Network
562,F1TV
563,Kapamilya Channel
564,OLN
565,Fla TV
566,ESPN3
567,stream.theatre
568,SPOTV NOW
569,Yamagata Television System
570,Vrai
571,CBS All Access
572,stuff.co.nz
573,Dream TV
574,Kan Educational
575,telequebec.tv
576,Blaze
577,3Cat
578,Royal Thai Army Radio and Television Channel 5
579,BS11
580,Fox Life
581,IRIB TV1
582,10 Shake
583,disney.com
584,vodio
585,BBC Two Scotland
586,朝日电视台
587,Rooster Teeth
588,Pink
589,Sandbox+
590,Planète+ A&E
591,Omroep Zwart (nl)
592,STAR Maa
593,Youtoo TV	
594,Viu
595,tv5unis.ca
596,AHC
597,IRIB TV5
598,MTV Hungary
599,atv
600,Nova TV
601,Canal 9
602,National Geographic Channel
603,Sama Dubai TV
604,Fox Footy Channel
605,재능TV
606,Toons.TV
607,BeeTV
608,Astro Oasis
609,Band
610,KTSL
611,NRK1
612,TMF Vlaanderen
613,Eros Now
614,JTBC3 Fox Sports
615,24Kitchen Türkiye
616,Mega TV 
617,BBC Kids
618,The Pentagon Channel
619,Premiere 
620,HDNet
621,Fox Sports 1
622,BanglaVision
623,Filmnet
624,Zee News
625,Prva
626,코코믹스
627,TV Noe
628,Q
629,National Geographic Asia
630,TOLO 
631,Ary Musik
632,Indosiar
633,NHK Educational TV
634,Claro Video
635,TRT Türk
636,RTV Slovenija
637,ztele.com
638,Televizija Zagreb
639,GAC Family
640,Manoto
641,OSN Yahala Al Oula
642,MusiquePlus
643,강소위성TV
644,RIC
645,BMW Films
646,PTS+
647,SeeSo
648,WORLD Channel
649,ClerSac
650,Aboriginal Peoples Television Network
651,Fusion
652,BEC-TV
653,CTS
654,Insight TV
655,AB4
656,Sony Aath
657,Rotana Khalijia
658,NTR
659,ITV4
660,&TV
661,OnDirecTV
662,Sky3
663,OUFtivi
664,Abu Dhabi TV
665,CW seed
666,IRIB Tamasha
667,Sky News Weather Channel
668,Polsat Box Go
669,BR-alpha
670,TSB
671,Rumble
672,Metro One
673,FORTA
674,Vice.com
675,DMAX
676,CCTV-8
677,Odnoklassniki
678,ТВ-3
679,E!
680,DKISS
681,ETB 1
682,Cignal Play
683,HEI Network
684,YesFlix
685,PowNed
686,Kebweb.tv
687,EWTN Televisión
688,AMC.com
689,Universo
690,디스커버리 채널 코리아
691,Playlist Studio
692,VRT
693,Deutscher Fernsehfunk
694,BW Family TV
695,TLC Go
696,TELASA
697,ETV
698,Sky Angel
699,WLS-TV
700,Hubei Television
701,Comet
702,Nuts TV
703,Nifty-Serve
704,VH1
705,La Red
706,Sjónvarp Símans
707,J-One
708,ΕΡΤ
709,7flix
710,HBO España
711,Salto
712,RCN
713,Reveel
714,中央广播电视总台
715,TRT 2
716,LHH.
717,BayaM
718,Otv (LB)
719,OnStyle
720,Eins Plus
721,STUDIO+
722,NHK BS
723,Qatar TV
724,Mono Max
725,BandSports
726,Vivamax
727,TVR 1 
728,Sanlih E-Television
729,Cadenatres
730,VGTV
731,HBO Mundi
732,KTK
733,武则天秘史
734,PBS America
735,Live Well Network
736,Tohoku Broadcasting
737,BBC Sport
738,MTV Latin America
739,EinsPlus
740,Broadcasting System of San-in
741,Revver
742,Aaj News
743,Klikk
744,Yle Fem
745,RTV Bangladesh
746,VTM KIDS
747,WCPO-TV
748,Play TV
749,Moi & Cie
750,Really
751,Playhouse Disney
752,la siete
753,Canal 5
754,TV Tupi
755,西瓜视频
756,Boom Movies
757,Challenge
758,Mix Be lAraby
759,joyn
760,MediaCorp Channel 8
761,E4
762,Polsat Box
763,IDNES.tv
764,HBO Asia
765,Star Media
766,TV2 Øst
767,Canal 22
768,WWLW
769,Flooxer
770,TVNorge
771,Coupang Play
772,Okinawa Television Broadcasting
773,Children Channel
774,IKON
775,ABC Comedy
776,Life OK
777,Astro Ceria
778,Warhammer TV
779,AVRO
780,SABC 3
781,WWOR-TV
782,Fox Footy
783,iflix
784,Action
785,More4
786,CKVU-DT
787,Guangdong Television
788,VIVA Germany
789,Nat Geo Kids
790,Tianjin Television
791,中国
792,Planète+ Justice
793,Canal+ Discovery
794,Astro Vaanavil
795,Planète
796,ZDF
797,Tokai Television Broadcasting
798,Investigation
799,Canal Famille
800,ProSieben Fun
801,RMC Story
802,Glitz
803,AMC+
804,WHYY-TV
805,Zoom
806,Lycos
807,ČT art
808,TVN Style
809,Yahoo! Dōga
810,Vice TV
811,Telfaz11
812,Pink Lemon
813,Ryukyu Broadcasting
814,TV ZYN
815,Netzun
816,Dubai One
817,NHK BS Premium
818,MBC ON
819,Rede Manchete
820,江苏综艺频道
821,Mouv
822,MotorTrend
823,Rocketsheep Studio
824,M6
825,Red+
826,TRT Çocuk
827,Jednotka
828,CTi Variety
829,TV5 Québec Canada
830,Wawayu Animation
831,The Filipino Channel
832,Mtavari Arkhi
833,Fuse
834,Astro Maya
835,COSMO
836,Centric
837,Twitch
838,RÚV
839,Prima+
840,Polsat PLAY
841,Astro AEC
842,AP1
843,北京广播电视台卡酷少儿频道
844,RTL+
845,WTVT
846,Sky Krimi
847,Vivendi Entertainment
848,MRT Miyazaki Broadcasting
849,MyNews
850,Justice Central
851,Fox Brasil
852,La Trois
853,Channel S
854,Heyo TV
855,Channel 7 
856,BHNews TV
857,Xploration Station
858,M2
859,CNBC Europe
860,OCN
861,TV Azteca
862,Shanghai Toonmax TV
863,Synergy TV
864,Movie International
865,RaiSat Smash
866,Disney Junior Latin America
867,BNNVARA
868,Bravo
869,DD Chandana
870,13th Street
871,CCTV-2
872,TNT España
873,ORTF Télévision 2
874,TVGN
875,Bell Fibe TV1
876,IMDb
877,深圳都市频道
878,Alsumaria
879,Paravi
880,TNT Sports
881,RTL Telekids
882,AVA
883,Orange
884,Seven Network
885,9X
886,Alsumaria TV
887,Spectrum
888,NewsNation
889,TTV
890,Flash TV
891,TVh
892,Nebula
893,History Channel Italia
894,KBS Joy
895,SAT.1 Comedy
896,HappyKids
897,TVtropolis
898,RTM2
899,MBC 5
900,LINE TV
901,KidZ
902,TeleUV
903,La Deux
904,FilminLatino
905,CCTV-17
906,Revry
907,PLUSPLUS
908,Player Original
909,Wonderium
910,WDVM-TV
911,PlayTV
912,TV Kochi Broadcasting
913,kabel eins classics
914,CNN-News18
915,W9
916,Inter
917,TV West
918,İctimai TV
919,Global TV
920,nabd alqalb studio
921,7TWO
922,SportsNet New York
923,BBC Two Northern Ireland
924,TéléSud
925,Infomix
926,TSC
927,ORF 2
928,Sun TV
929,KiKa
930,ServusTV
931,SBS 2
932,ABC Nyheter
933,Las Estrellas
934,MTV3
935,Weverse
936,Cineflix Prime
937,Starz
938,Fuel TV
939,Al Araby
940,La Fabrique Culturelle
941,FWTV
942,Eden
943,B•A•S•I Produktion
944,BBC Three
945,STAR World India
946,Cartoon Network Japan
947,STUBRU
948,ABV
949,vive!
950,Radio Philippines Network
951,10 Peach
952,Colors Kannada
953,KING-TV
954,BonGusto
955,Rengoni
956,RAB
957,Side+
958,Canal Once
959,Imago TV
960,Future Television
961,MTV India
962,10 BOLD
963,Science & Vie TV
964,Reel Media International
965,Colors Bangla
966,TCT
967,C31 Melbourne
968,TVB Jade
969,MagellanTV
970,FamilyNet
971,GETTR
972,FOX España
973,Trans TV
974,Discovery Turbo Brasil
975,UR
976,DaAi (TW)
977,KIRO-TV
978,Securus Originals
979,Asenshu
980,6play
981,ΕΡΤ2
982,Akash Bangla
983,France TV Slash
984,MEGA
985,Aj+ Arabi
986,Comedy Central Latinoamérica
987,First Baltic
988,KQEH
989,ZDFkultur
990,TNT Comedy
991,Cinema Heaven
992,RTP2
993,Marco Polo TV
994,First Channel Ostankino
995,NHK G
996,Three
997,Moya Planeta
998,Zephyr School Media
999,ARtv
1000,OnDirectTV
1001,AXN
1002,Daum tvPot
1003,La 5
1004,Hallmark Movies Now
1005,NPO Start
1006,Original Black Entertainment TV
1007,Starz Encore
1008,TV UNAM
1009,Estrella TV
1010,BS Fuji
1011,U+ Mobile TV
1012,ITN
1013,Anhui Broadcasting Corporation
1014,Biwako Broadcasting
1015,Egyptian Television Network
1016,Helio
1017,BTV4U
1018,Canal+ (MM)
1019,ESPN Deportes
1020,CMT
1021,WTOP-TV
1022,Barely Not Monkeys
1023,Bounce TV
1024,Canal+ Family
1025,Smile of a Child
1026,JIM
1027,Al Jazeera English
1028,TV Thunder
1029,UMK TV Miyazaki
1030,HOT VOD Young
1031,The Daily Wire
1032,Good Food
1033,Beyaz TV
1034,Rishtey TV
1035,dk4
1036,tv5.ca
1037,Abanteflix
1038,uflix
1039,NBC Weather Plus
1040,Zee Zindagi
1041,TV Nova
1042,HBC
1043,TVR9
1044,STAR Jalsha
1045,América TV
1046,Movistar TV
1047,MTV2
1048,Sky Documentaries
1049,Video Market
1050,more.tv
1051,ANIMAX
1052,Fox Reality Channel
1053,CNBC Asia
1054,KKTV
1055,Taiwan+
1056,E채널
1057,RTÉ2
1058,Pokémon TV
1059,JEI TV
1060,3sat
1061,ČT :D
1062,Sohu
1063,BFI Player
1064,Horse and Country TV
1065,Channel 4
1066,Bloomberg Television
1067,Al-Nahar One
1068,TRT Haber
1069,KMOV
1070,Kwai
1071,RheinMain TV
1072,Apple Music
1073,Jetix
1074,Yahoo! Screen
1075,Nanjing Broadcasting System
1076,TV조선
1077,Africa Magic
1078,Planet Çocuk
1079,Life Network
1080,TV Brasil
1081,NJPW World
1082,Filomok
1083,Nihon Eiga
1084,GIGA
1085,1001TV
1086,Family Jr.
1087,Torys4D
1088,Super Action
1089,El Sótano
1090,Vizion Plus
1091,Azərbaycan Televiziyası
1092,CHT MOD
1093,Numéro 23
1094,Colors Super
1095,Nagoya TV
1096,V LIVE
1097,NAVER NOW
1098,TV5Monde
1099,MTV Base Africa
1100,SundanceTV
1101,Sympatico
1102,Sony ESPN
1103,BX1
1104,CS Mystery
1105,Spektrum
1106,Curta!
1107,TeleHit
1108,Super Canal
1109,Al Aoula
1110,MSNBC
1111,Red Bull TV
1112,AGTV
1113,ViuTV
1114,ONE 31
1115,VIA
1116,HUMAN
1117,Nippon TV
1118,辽宁广播电视台
1119,RedeTV!
1120,NTV-Belorus
1121,NRK Tegnspråk
1122,Television Nishinippon
1123,Kuaishou
1124,OPTO
1125,The Horror Collective
1126,Google Play
1127,MAVTV
1128,BS Asahi
1129,UFC FIGHT PASS
1130,TOP kanal
1131,Cosmote History
1132,Rogers TV
1133,Flagman-Trade DVD
1134,Tochigi TV
1135,Fuji TV NEXT
1136,Viafree
1137,Dragon TV
1138,YoungLife TiVi
1139,Sky Max
1140,Polar+
1141,NHNZ Worldwide
1142,Fox Classics
1143,Arthouse Digital
1144,Voyo (SI)
1145,CBS.com
1146,TVP1
1147,KDKA-TV
1148,Kartoon Channel!
1149,Here TV
1150,ITI
1151,KGO-TV
1152,Central Television USSR
1153,Bon Appétit
1154,Yesterday
1155,MCM
1156,Family Channel
1157,Racing TV
1158,Televizija Republike Srpske
1159,Vitaya
1160,KITE VICTERS
1161,CorriereDelloSport.it
1162,TV B92
1163,UOL. Doc
1164,London Live
1165,Peacock
1166,Slice
1167,SWR
1168,Ketnet
1169,VisionTV
1170,TV3alacarta
1171,Okko
1172,i-Television
1173,VEEJOY
1174,TCN
1175,Chérie 25
1176,Vidio
1177,Sky Atlantic 
1178,doxx-tv (DE)
1179,BBC News
1180,WJAR
1181,Kagoshima Broadcasting
1182,CNBC World
1183,IMDb Freedive
1184,EagleVision
1185,Televen
1186,TNT Glitz
1187,Cartoon Monsoon
1188,Clipfish
1189,TV Aichi
1190,A2Z
1191,Yle Teema & Fem
1192,Xbox Live
1193,TV3
1194,Freeform
1195,Citizen TV
1196,Tower of London Productions
1197,WatchFree+
1198,Hallmark Drama
1199,HOME
1200,Littlefox
1201,njam!
1202,Cinemax
1203,TeenNick
1204,Киевтелефильм
1205,TV5
1206,TVI
1207,MONDO TV
1208,Television Oita System
1209,Crime+Investigation
1210,NHL Network
1211,Central Independent Television
1212,Ebru TV
1213,Pokerzone
1214,Canal Off
1215,Star One
1216,watcha
1217,Tello
1218,Zvezda 
1219,fox.com
1220,Māori Television
1221,American Forces Network
1222,Fukui TV
1223,Viki
1224,Chronos
1225,Амедиа Продакшн
1226,Swarnavahini TV
1227,RCTV
1228,3Plus
1229,RKK Kumamoto Broadcasting
1230,Mindvalley
1231,DR3
1232,SWF
1233,IRIB TV3
1234,khb
1235,Toggo Plus
1236,Movies4Men
1237,PPTV
1238,Channel 28 SD
1239,IFC.com
1240,SBS Mobidic
1241,TV Okey
1242,CP24
1243,kurdbin
1244,WATCH iT!
1245,Urdu 1
1246,浙江卫视
1247,CTV Comedy Channel
1248,BS Japan
1249,Marca Perú 
1250,Ziggo Sport
1251,MBC South Japan Broadcasting
1252,Network Ten
1253,S4C
1254,Nepal Television
1255,SIC
1256,Stream TV
1257,Facebook Live
1258,Hikari TV
1259,STAR Pravah
1260,myTV SUPER
1261,Teletoon
1262,Discovery Channel
1263,CCTV-1
1264,Comedy Central Netherlands
1265,ABCd
1266,RTL+ (HU)
1267,Look du jour
1268,Deejay TV
1269,Che
1270,MusiMax
1271,TVU
1272,SBS Biz
1273,Game Show Network
1274,Televicentro
1275,wasu
1276,중화TV
1277,Raj TV
1278,SABC 1
1279,UHF Station
1280,Mexicanal
1281,KBS1
1282,UP TV
1283,Discovery Kids
1284,Russia-2
1285,CTV Sci-Fi Channel
1286,TVP Kultura
1287,NTD Television
1288,Sixth Programme
1289,GTH On Air
1290,SWR Fernsehen
1291,Warner Channel
1292,Channel [V]
1293,El Hiwar Ettounsi
1294,History
1295,Viva One
1296,WalmartTV
1297,Discovery+  
1298,Asahi Broadcasting Aomori
1299,Stream.cz
1300,Deluxe Music
1301,Channel 1
1302,MAtv
1303,RMC Découverte
1304,필콘미디어
1305,CoLours TV
1306,TV 2 Zebra
1307,TOD (TR)
1308,noovo.ca
1309,Rai 1
1310,TV 2 Play
1311,Asia N
1312,Deeper.com
1313,FashionN
1314,Urbania.ca
1315,Antenna TV
1316,NRT2
1317,National Geographic
1318,Caracol TV
1319,OUTtv
1320,DSF
1321,TV 2 Zulu
1322,TVM
1323,Euronews
1324,59th Parallel Productions Inc
1325,MCE TV
1326,DIY Network
1327,VOX
1328,VRT 1
1329,FR3
1330,BS SKY PerfecTV!
1331,Geo Entertainment
1332,TB Entertainment
1333,Domashniy
1334,Comedy Central (PL)
1335,India TV
1336,Big Movie Zoo
1337,BitinFlix Presents
1338,themeateater.com
1339,FXX
1340,IFC
1341,GMA Network
1342,Téva
1343,La Cinq
1344,#LetsDoeIT
1345,Virgin Media One
1346,SHOWROOM
1347,NBS
1348,Astro Prima
1349,OCN movies
1350,陕西综合频道
1351,Eurochannel
1352,A&E
1353,Channel Awesome
1354,Travel Box Brazil
1355,GO3
1356,RTL
1357,吉林广播电视台
1358,Frissons TV
1359,PTV World
1360,Al Jazeera
1361,Razer
1362,Signal 23 TV
1363,Tet TV+
1364,Circle
1365,BS松竹東急
1366,Knowledge Kids
1367,CBeebies
1368,IBC Iwate Broadcasting
1369,Infinity
1370,TNU
1371,CatholicTV
1372,Astro Warna
1373,Hibe
1374,BrutX
1375,Channel 4 (Online)
1376,Tokyo Channel 12
1377,Gemini TV
1378,Takflix
1379,FlopTV
1380,CBC Gem
1381,Trinity Broadcasting Network
1382,KD2A
1383,Fox Sports Networks
1384,Beate-Uhse.TV
1385,Tv Rio
1386,13e rue
1387,MHz WorldView
1388,Bioscope
1389,Shemaroo
1390,SNS
1391,IDF1
1392,Snapchat
1393,Foro TV
1394,TZGZ
1395,ZEE5
1396,Esquire Network
1397,Turkmax
1398,SFB
1399,Express News
1400,WWE Network
1401,Noggin
1402,RFD-TV
1403,LRT Televizija
1404,2x2
1405,DDR1
1406,France 5
1407,Teleamazonas
1408,MusicBox
1409,9
1410,Avanti Cinema
1411,6ter
1412,Star Channel
1413,Great Belize Television
1414,TVer
1415,MYX TV
1416,Vidly.tv
1417,HSV
1418,Russia-Kultura
1419,CollegeHumor
1420,tamadon
1421,CCTV-3
1422,Virgin Media Television
1423,Attessia TV
1424,JiaJia Cartoon
1425,DIA TV
1426,WAPA-TV
1427,Entermeitele
1428,Bleacher Report
1429,TV Rain 
1430,ICU Documentaries
1431,Canal D
1432,Fernsehen der DDR
1433,Genflix
1434,KTN
1435,SHENZHEN SATELLITE TV
1436,Dangal TV
1437,FOX
1438,RKB
1439,TV-6
1440,foxtel GO
1441,ТВц
1442,SBS Golf
1443,SIG
1444,JTBC2
1445,翡翠台
1446,TF1
1447,Daystar
1448,Genie TV
1449,Ligonier.org
1450,Canal+ Poland
1451,Televisión Pública Argentina
1452,Access 31
1453,Crime + Investigation Network Australia
1454,TV Pětka
1455,Zona Latina
1456,Cartoon Network Anything
1457,CuriosityStream
1458,ICI Explora
1459,tys
1460,Rai 3
1461,IMDb TV
1462,ITV Play
1463,BBC One South East
1464,优酷网
1465,GagaOOLala
1466,Starzplay
1467,Vine
1468,Медиа Контент групп
1469,Amrita TV
1470,Animax Korea
1471,Studio 100 TV
1472,NOW 26
1473,Ekushey Television
1474,Play Suisse
1475,DocPlay
1476,Channel I
1477,PassoLig
1478,canal 9
1479,东森综合
1480,SM Culture & Content
1481,Canal 44 UDGTV
1482,BBC One Wales
1483,A+
1484,M2 Petőfi TV
1485,Al Somarya
1486,HBO Go
1487,Solar News Channel
1488,CanalPlay
1489,Alpha TV
1490,FOX Showcase
1491,Canal Q
1492,TrueVisions
1493,KYT
1494,Canal BIS
1495,TV Kumamoto
1496,EPIC
1497,Wretched Network
1498,BFMTV
1499,DWAO-TV
1500,NRK
1501,UrbanflixTV
1502,Zieglerfilm
1503,KQED
1504,WebSerials.com
1505,tv syd
1506,DRG History
1507,SDTV-1
1508,BOL Network
1509,Bioskop Online
1510,Yle Areena
1511,BT Sport
1512,Discovery Health Channel
1513,DirecTV
1514,DD Sahyadri
1515,GTV
1516,ALTER
1517,Viva
1518,AniOne
1519,Times Square Church
1520,Dubai TV
1521,Mauzi Films
1522,CNC
1523,animeteleto
1524,KBS Story
1525,showcase
1526,Planet
1527,Pluto TV
1528,Discovery Home
1529,ChikooFlix
1530,Orange TV
1531,makoTV
1532,Noovo Moi
1533,W-STORY
1534,D8
1535,Curiosity TV (DE)
1536,Showmax
1537,Geo Tez
1538,DMM TV
1539,ivi
1540,AT5
1541,Netvideo
1542,Monte Carlo TV
1543,Rang
1544,KinoPoisk HD
1545,Oho Gujarati
1546,Channel Nine
1547,DR2
1548,Tokyo MX
1549,Tulip Television
1550,Radiodiffusion Télévision Algérienne (RTA)
1551,FBS
1552,À Punt
1553,Sistema de Transporte Colectivo
1554,ARY News
1555,BET
1556,山东三冠影视实业公司
1557,CASA
1558,The Roku Channel
1559,Paris Première
1560,TVB Pearl
1561,Allociné
1562,Sky Kids
1563,RTÉ One
1564,HGTV Canada
1565,Histoire TV
1566,Nick at Nite
1567,Metro
1568,ImaginAsianTV
1569,Galaxy
1570,Court TV
1571,Blued
1572,Fact TV UK
1573,Andalucía Televisión
1574,2STV
1575,Discovery Real Time
1576,Animax Latin America
1577,Pzaz TV
1578,ABC KIDS
1579,Arab Radio and Television Network
1580,Revista Oeste
1581,湖南娱乐频道
1582,Cartoon Network Latin America
1583,ATV
1584,Nitro
1585,Cosmote TV
1586,Fox Soccer
1587,Facebook Watch
1588,Polynésie 1ère
1589,Sat1 Emotions
1590,""""""
1591,Univision
1592,Military Channel
1593,TV2000
1594,UKTV Style
1595,Aragón TV
1596,TOMYSTIME
1597,더라이프채널
1598,UKTV
1599,윤앤컴퍼니
1600,NBCSN
1601,Movie Extra
1602,Fox Kids
1603,Eurovision
1604,TV 2
1605,BBC First
1606,TV Berlin
1607,Trønder-TV
1608,cetv1
1609,Line News
1610,Stöð 2
1611,Yle TV2
1612,ntv
1613,NTV America
1614,TVFPlay 
1615,TV3 Latvia
1616,Setanta Sports USA
1617,AB3
1618,TV Paprika
1619,BS Yoshimoto
1620,Crackle
1621,TeleG
1622,Rajawali Televisi
1623,HTV9
1624,TheBlaze
1625,Anime Houdai
1626,ITV3
1627,Nova
1628,Nouvelle-Calédonie La Première
1629,VTV1 HD
1630,Tiitlii
1631,Kanal 2
1632,云南卫视
1633,Dawn News
1634,NPR
1635,77E
1636,Venezolana de Televisión
1637,Longhorn Network
1638,Elisa Elamus
1639,The Sports Network
1640,Hum Europe
1641,RTL 8
1642,SKY PerfecTV!
1643,KBS Kyoto
1644,AZN Television
1645,KMEX-DT
1646,ESPN Extra
1647,STAR World
1648,Tastemade
1649,GameTV
1650,Sky One
1651,Luccas Toon Oficial
1652,BS TV Tokyo
1653,iQIYI
1654,ITVX
1655,CHCH-DT
1656,Rai 5
1657,JAITS
1658,Sky Sport
1659,Destination America
1660,Shizuoka Asahi TV
1661,Sakuranbo TV
1662,Арт-Экспресс
1663,ABEMA Video
1664,SVT2
1665,Voyage
1666,HKSTV
1667,Brat TV
1668,ANT1+
1669,Dijlah Tv
1670,KBS2
1671,Hot Masti
1672,Apna TV
1673,BET Her
1674,VRAK
1675,bTV Comedy
1676,Regiões TV
1677,Super Polsat
1678,niconico Channel
1679,Video Pass
1680,CHARGE!
1681,MySpace
1682,Nagasaki Broadcasting Company
1683,Pasadena Community Network
1684,CineBrasil TV
1685,Jewelry Television
1686,Planet Marathi
1687,Home
1688,التلفزة التونسية
1689,HBO Max
1690,Reelz
1691,Rai Play
1692,Channel 9
1693,Lemino
1694,Telenorba
1695,HOT3
1696,AKT
1697,MTV Asia
1698,易车
1699,Kakao TV
1700,BBC South Africa
1701,Synergetic
1702,Universal TV
1703,WidCyber
1704,Dlife
1705,ARTE Creative
1706,Toon Disney
1707,WNL
1708,Abb Takk News
1709,Моя планета
1710,AVNstars.com
1711,Mult
1712,Canal UOL
1713,START
1714,Stolitsa
1715,Pac-12 Network
1716,WOWOW Prime
1717,Televisión de Galicia
1718,Fox Business Network
1719,MBC Bollywood
1720,Fox Crime
1721,Plus
1722,Biggs
1723,Arre
1724,NDTV
1725,TV RIK
1726,JiangXi Television
1727,Channel Television
1728,RTL 7
1729,CDA.pl
1730,OGN
1731,TV5 Monde Europe
1732,TVR 2
1733,LeTV
1734,Sogou TV
1735,América Televisión
1736,tabii
1737,TVE
1738,Pakapaka
1739,Motorvision TV
1740,FOXlife
1741,tvN DRAMA
1742,BBC Parliament
1743,VidAngel
1744,8XM
1745,Pop Max
1746,Hromadske
1747,GMM 25
1748,DZKB-TV
1749,Flipkart Video
1750,NDTV Imagine
1751,absolut MEDIEN
1752,BS Shochiku-Tokyu
1753,Das Vierte
1754,Dom Kino
1755,DC Universe
1756,Historia
1757,TQS
1758,Pixibox
1759,KLAC-TV
1760,OWN
1761,NTS
1762,KidoodleTV
1763,HBO Nordic
1764,imbc
1765,CNN Chile
1766,Nou
1767,NYC TV
1768,Tastemade Brasil
1769,PoRo
1770,Hami Video
1771,Azteca Uno
1772,宁夏电视台
1773,ERTFLIX
1774,Alibi
1775,Vice Media (AU)
1776,Russian TV
1777,Kanal Lokal Göteborg
1778,MTV Pakistan
1779,beIN Connect
1780,Panamericana Televisión
1781,City 41
1782,TeleMadrid
1783,BS-TBS
1784,WDIV-TV
1785,CCTV News
1786,Sky News
1787,Hypp Sensasi
1788,Staten Island Community Television
1789,RVU
1790,Contar
1791,Editorial Planeta
1792,Disney Channel
1793,HTV7 
1794,Astro Mustika HD
1795,RTP Açores
1796,skyTV
1797,Okno v Evropu Film Festival
1798,Lionsgate Television
1799,VG+ Entertainment Group
1800,Cartoonito
1801,RTBF.be
1802,نايل دراما
1803,Funimation
1804,CCTV-10
1805,NBC
1806,Astro Ria
1807,DoQ
1808,ABEMA SPECIAL
1809,Chorki
1810,NRK P3
1811,Thainess TV
1812,Radio-Canada
1813,MTV Denmark
1814,Quenel+
1815,RocketJump
1816,Rivit TV
1817,Reshet 13
1818,VIVA Network
1819,Theater Mania
1820,Tarang Plus
1821,Travel Channel
1822,CGTN
1823,Sky Arte (IT)
1824,Nation TV
1825,STAR Kiran
1826,TVP Polonia
1827,Asian Food Channel
1828,TVN
1829,ČTV
1830,BBC Four
1831,BS4
1832,Prime Box Brazil
1833,IRIB Amoozesh
1834,Wink
1835,NIB
1836,푸른영상
1837,Crave
1838,VRT CANVAS
1839,Gemplex
1840,Bollywood بالعربي
1841,TLC Deutschland
1842,CNBC TV18
1843,France Animation
1844,TV3+
1845,TBS.com
1846,Animal Planet Deutschland
1847,Zee TV
1848,SEC Network
1849,Youman Cartoon Satellite TV
1850,New England Sports Network
1851,KGW
1852,Qatar Television
1853,barrandov.tv
1854,PinkTV
1855,Christian Television Network
1856,TV3-Thailand
1857,CNA
1858,Nebraska Educational Telecommunications
1859,RDS
1860,Now
1861,TV MS
1862,NTV
1863,Showtime
1864,RTHK
1865,UEFA.tv
1866,Repubblica TV
1867,The Hub
1868,Rai Gulp
1869,Nine Network
1870,Puls 4
1871,Noor Dubai
1872,GoPlay
1873,MiniMini
1874,Canal 11
1875,Ustream
1876,Discovery
1877,Filmin
1878,Comédie +
1879,Nick Jr.
1880,TV Vest
1881,TV-3
1882,РЕН-ТВ
1883,KPLR-TV
1884,CiF TV
1885,AMI-tv
1886,KNB
1887,mnews
1888,ZJSTV
1889,NET
1890,Space
1891,Sub
1892,Shabakeye Namayesh Khanegi
1893,WAGA-TV
1894,SAT.1
1895,TV Finland
1896,INHD
1897,Crea TV
1898,The Box
1899,Syndication
1900,Tencent Video
1901,ABS-CBN
1902,Alacocina Tv
1903,ERT2
1904,LATV
1905,COACH-KIN
1906,Kentucky Educational Television
1907,СПАС
1908,PTV Home
1909,Samanyolu TV
1910,Culturebox
1911,Encuentro
1912,TVP
1913,TeleSUR
1914,TCM España
1915,Ketnet Junior
1916,3net
1917,Tchelet TV
1918,TV2
1919,河南卫视
1920,MGM+
1921,KPN Presenteert
1922,MYTF1 MAX
1923,Akita Asahi Broadcasting
1924,New Channel
1925,Migu Video
1926,ctv.ca
1927,Fox Nation
1928,MBC every1
1929,The Movie Network
1930,Canal Doce Misiones
1931,Be Mad
1932,FashionTV
1933,DRAMAcube
1934,CNN International
1935,Mola TV
1936,CNTV
1937,RTS Un
1938,ABC News
1939,Klan Kosova
1940,SETTV
1941,Discovery en Español
1942,Quibi
1943,Nick Pakistan
1944,TGRT
1945,WeTV
1946,sundancechannel.com
1947,Beachbody
1948,Geek and Sundry
1949,AcFun
1950,UNLEASHED.tv
1951,Zee Alwan
1952,Studio 23
1953,Cottonwood Media
1954,BBC Two
1955,Motion Rock Entertainment
1956,KATU
1957,ORF
1958,Markíza
1959,laSexta
1960,IRIB TV2
1961,MTV Australia
1962,CATCHPLAY+
1963,CTC Media
1964,Sendai Television
1965,Ciak Telesud
1966,Sky Crime
1967,SilverbirdTV
1968,HBO Family
1969,Salam TV
1970,TV 2 Echo
1971,Plug RTL
1972,Via X
1973,Sport 1
1974,Tele5
1975,dekkoo
1976,TROS
1977,CCTV-14
1978,zero+
1979,RBB Fernsehen
1980,Antena 1
1981,BBC Alba
1982,M-Net
1983,Hasya Katta Official
1984,LLINK
1985,Arte
1986,旅顺记忆1904-1905
1987,TV Barrandov
1988,TrueID
1989,hr-fernsehen
1990,채널A
1991,TFM
1992,Super Channel
1993,CityShor
1994,Televisión Independiente de México (TIM)
1995,Asahi Broadcasting Nagano
1996,HBO Brasil
1997,Kawaiian TV
1998,8tv
1999,CMTV
2000,funk
2001,Vision+
2002,IRIB Nasim
2003,RTB1
2004,KOCO-TV
2005,Dunya News
2006,UCV Television
2007,DR1
2008,ARY Zindagi
2009,Amarin TV
2010,Hannibal TV
2011,KCET
2012,Teletama
2013,Pro Wrestling TV
2014,My Channel
2015,TTV Main Channel (TW)
2016,BESIDE
2017,Shaw TV
2018,LNK
2019,YBS
2020,WCVB-TV
2021,EPTV
2022,LTV1
2023,CQTV
2024,Sony Pal
2025,National Geographic India
2026,Formula
2027,JTBC
2028,MediaCorp Channel 5
2029,Chiller
2030,DFF 2
2031,北京青青树动漫科技有限公司
2032,Mango TV
2033,vossevents.com
2034,Shamshad TV
2035,Wenzhou TV
2036,TV 2 Charlie
2037,Gloob
2038,Kanal 7
2039,Lifetime Movies
2040,GyaO!
2041,Music 24
2042,Санкт Петербург
2043,El Nueve
2044,MuchMore
2045,MLB Network
2046,Australian Christian Channel
2047,RTL2
2048,Channel A
2049,SIC Notícias
2050,OSN
2051,Channel 31
2052,TF6
2053,KBS Drama
2054,Filmmúzeum
2055,Outdoor Channel
2056,RTL Passion
2057,United Artists Media Group
2058,Gold
2059,Wido
2060,Sjuan
2061,Yamaguchi Asahi Broadcasting
2062,BBC One
2063,SBS On Demand
2064,WXYZ (ABC - Detroit)
2065,ABC
2066,Takarazuka Sky Stage
2067,Hikari TV Channel+
2068,BumBam
2069,BNT 1
2070,SBC
2071,Colors Marathi
2072,DeA Kids
2073,Первый канал
2074,Les Films d'Ici
2075,큐브TV
2076,24 Kanal
2077,Digital Mov
2078,Liv
2079,卡酷少儿
2080,Wrestle Universe
2081,Samaa TV
2082,EbonyLife TV
2083,Blip
2084,Ria HD
2085,My5
2086,Fox Action Movies
2087,W
2088,addatimes
2089,Československá televize
2090,W Network
2091,YBSTV
2092,EinsFestival
2093,RNB
2094,L!VE TV
2095,Yle Teema
2096,Smithsonian Earth
2097,Eurêka !
2098,Lifetime Movie Network
2099,MKVT
2100,NPO 1
2101,LA7
2102,The Weather Channel
2103,Musée d'Orsay
2104,The 101
2105,Kino Polska
2106,BabyTV
2107,Audience
2108,Russian Detective
2109,Alhayah 
2110,Mega
2111,Antena 3
2112,EXQI Plus
2113,ESPN+
2114,National Iranian Radio and Television
2115,1Magic
2116,TV Paulista
2117,Fuji TV
2118,MGM Brasil
2119,CNN
2120,Sky Arts
2121,CCTV-6
2122,MG TV
2123,Israeli Educational Television
2124,Globoplay
2125,Latvijas Televizija
2126,スカイパーフェクTV
2127,Imedi TV
2128,KJRH-TV
2129,Planète+ Crime Investigation
2130,Pelangi TV
2131,LCN
2132,Oita Asahi Broadcasting
2133,Loaded TV
2134,Yle Arenan
2135,ICI TOU.TV Extra
2136,Sky Uno
2137,JSTV
2138,iQiyi
2139,TV-U Yamagata
2140,ANT1 CY
2141,Tudou
2142,Ficción Producciones
2143,Наше HD
2144,辽宁卫视
2145,EWTN
2146,polsat box go
2147,Discovery Home & Health
2148,QPVN
2149,13C
2150,RTL 4
2151,Canale 5
2152,MMUSA
2153,PiliFlix
2154,Ovation
2155,L8
2156,Lismo TV
2157,Das Erste
2158,TV6
2159,MTV 1
2160,Heavenly
2161,Saunidlia
2162,TLC UK
2163,Sportsman Channel
2164,Tooniverse
2165,Drama
2166,Brasil Paralelo
2167,ERT1
2168,Style Network
2169,Movistar Plus+
2170,OTV
2171,Joodse Omroep
2172,TNT Serie
2173,CFPL-TV
2174,Paramount+
2175,Nitteleplus
2176,Streamwaze
2177,HOT Entertainment
2178,Epix
2179,Rotana Drama
2180,9now
2181,Cartoon Network MENA
2182,TruBlu
2183,MSG
2184,MTV Nederland
2185,Tyne Tees
2186,Discovery Science
2187,FDF
2188,Lifetime
2189,Spacetoon
2190,CJOH-DT
2191,Streamz
2192,MBC
2193,vtele.ca
2194,C3
2195,Nouvelle Calédonie 1ère
2196,ADN
2197,Studio 4
2198,WFAA
2199,Hello Sunshine
2200,Game one
2201,ZDF Theaterkanal
2202,Crime Investigation Polsat
2203,gtunes
2204,Instany
2205,Sprint Nextel
2206,TVNZ Kidzone
2207,Emart Live (이마트)
2208,STAR Chinese Channel
2209,CNN Brasil
2210,Crunchyroll
2211,WNBC
2212,Zee Telugu
2213,G4TechTV
2214,The Pet Network
2215,Telemetro
2216,dTV
2217,Radiotelevisión de Veracruz
2218,Astro First
2219,Travel Channel United Kingdom
2220,Super Écran
2221,TNT
2222,Kanal 5
2223,Urban TV Uganda
2224,VRT MAX
2225,Junior TV (D)
2226,Smithsonian Channel
2227,2M
2228,La Sept
2229,Disney Channel Middle East
2230,Futura
2231,Wealth TV
2232,Watcho
2233,USA Network
2234,Dramax
2235,Warner TV Comedy
2236,Erdély TV
2237,Channel 7
2238,YNN
2239,优漫卫视
2240,DW-TV
2241,ici.artv.ca
2242,Turner Classic Movies
2243,Arabia Drama
2244,Arutz HaYeladim
2245,大千影业
2246,Estonian Public Broadcasting (ERR)
2247,Scientology Network
2248,SIC Radical
2249,TG4
2250,RTÉjr
2251,TV Gelderland
2252,Belgische Radio- en Televisieomroep
2253,SuperSport
2254,RCTI
2255,Dvojka
2256,CBC Comedy
2257,Tunisie 7
2258,Slovenská televízia
2259,Mega Plus
2260,SF 1
2261,KCTS-TV
2262,kurdsat
2263,Telus Optik
2264,WPVI-TV
2265,Godare
2266,8TV
2267,ORTF Télévision
2268,Sky Sports F1
2269,Venevisión Plus
2270,Entertainment Squad
2271,DFF 1
2272,Dailymotion
2273,Family Chrgd
2274,TVNZ6
2275,RTS
2276,Dược sĩ Tiến • Entertainment
2277,France 4
2278,DuMont Television Network
2279,NHK BS1
2280,Antenne 2
2281,Kansai TV
2282,XTV
2283,REI
2284,Viddsee
2285,tv asahi
2286,The CW
2287,KFVE
2288,Trouble
2289,WPIX
2290,TELEAC - Holanda
2291,MTV Base
2292,BILD TV
2293,Thai Public Broadcasting Service
2294,ICI TOU.TV
2295,Tamazight
2296,YouTube Premium
2297,DAZN
2298,Health TV
2299,Houston Live TV Network - HLTV
2300,GDTV
2301,GEM TV
2302,Gusto
2303,RTP1
2304,Makeful
2305,Citra HD
2306,Soul Mate Tv
2307,Douyin
2308,Telefe
2309,Channel One
2310,Geo TV
2311,PBS Kids
2312,SESC TV
2313,WIN Television
2314,Telefuturo
2315,Playtvak.cz
2316,WSMV-TV
2317,UMAX
2318,América Ibérica
2319,Daewon Broadcasting
2320,Disney+
2321,HBO
2322,PTS Taigi
2323,TBS
2324,Daiichi-TV
2325,Nowa TV
2326,UMC
2327,TVG Network
2328,Матч ТВ
2329,OzoneTV
2330,SVT1
2331,TMC
2332,DMC Drama
2333,MTV Global
2334,Mill Creek Entertainment
2335,Voltage TV
2336,Teletica
2337,CliffMovies
2338,Telemundo Puerto Rico
2339,BBC One Northern Ireland
2340,Sky Two
2341,CGNTV
2342,ServusTV Deutschland
2343,TV9
2344,Olive
2345,Odisea
2346,تلفزيون الراي
2347,上海新闻综合频道
2348,Sky Witness
2349,aha
2350,ssssssj
2351,360°
2352,Fix und Foxi
2353,HTV
2354,NBN Television
2355,Animaux
2356,CCTV-4
2357,The Huffington Post
2358,Logo
2359,Sigma TV
2360,BBC Choice
2361,TTV Main Channel
2362,Lotus Play
2363,TV Slovenija
2364,The CinemaDosti
2365,SkyLife
2366,SBT
2367,Showcase
2368,Channel 101
2369,Signature Entertainment
2370,WDR Fernsehen
2371,Granada Television
2372,TV Luna
2373,Univer Video
2374,Be tv
2375,ABXplore (BE-FR)
2376,NKT
2377,Polsat
2378,KayoSports
2379,M1
2380,EMPC TV
2381,TFX
2382,GMA News TV
2383,9Go!
2384,Pickx+
2385,腾讯
2386,France 2
2387,VTV3
2388,Prima ZOOM
2389,Superstar TV
2390,CTV Main Channel
2391,Rete 4
2392,3e
2393,Pivot
2394,MBN
2395,Paramount+ with Showtime
2396,TechTV
2397,Duna
2398,Televizija Skopje
2399,ARY Arabia
2400,TV4
2401,DD Metro
2402,EBC Variety
2403,Gulli
2404,Spiegel Geschichte
2405,BBC World News
2406,HRT 2
2407,Kanal 9
2408,Azteca 7
2409,TV Tokyo
2410,Decades
2411,Dave
2412,tvk
2413,France.tv Slash
2414,LNT
2415,ČT1
2416,The Movie Channel
2417,TVOne Global
2418,bravo
2419,#0
2420,People's Television Network
2421,TV Cultura
2422,HEY Play(MM)
2423,SHANT TV
2424,Al Jazeera America
2425,TV8
2426,Fox Sports Detroit
2427,Genius Kitchen
2428,CreativeLive
2429,Sky
2430,AOL
2431,Hallmark Movies & Mysteries
2432,Media Factory
2433,Nova S
2434,Fox News Channel
2435,CNN+
2436,7mate
2437,TET
2438,Science
2439,KBS World
2440,GB News
2441,Planet Green
2442,Now TV
2443,VIU
2444,upian.
2445,DMC
2446,Nara Television
2447,Aniworld TV
2448,Tsuburaya Imagination
2449,央视八套，腾讯视频
2450,Channel 9 MCOT HD
2451,nosotros tv
2452,RTVS
2453,Bangladesh Television
2454,Kanal D
2455,n-tv
2456,Qubo
2457,Television in Syria
2458,NHK BS8K
2459,Fox Sports Brasil
2460,DeA Sapere
2461,Spike
2462,TVB Anywhere
2463,Fokus TV
2464,Mazhavil Manorama
2465,Niigata Television Network 21
2466,Sport en France
2467,Dove Channel
2468,Mediacorp Channel U
2469,UTV Stars
2470,Telenet Play
2471,SF 2
2472,TV Cidade
2473,France 3
2474,Canal J
2475,KNBC
2476,Sahara One
2477,Azoomee
2478,GNT
2479,Jawwy TV
2480,宝宝巴士
2481,Viasat3
2482,Hub Network
2483,MMT
2484,NWRV
2485,Squat
2486,Meta Quest TV
2487,TheVR
2488,Gaia
2489,"телеканал ""Звезда"""
2490,SRF 1
2491,Crypt TV
2492,SporTV
2493,MTV Japan
2494,CCTV
2495,UniMás
2496,MeTV
2497,France.tv
2498,Current TV
2499,DouYu
2500,KBS Kids
2501,Wakayama Telecasting
2502,TV 8
2503,얼리버드 픽쳐스
2504,Kooku
2505,Oxygen
2506,Adult Swim
2507,Zeus Network
2508,Movie Central
2509,sport 5
2510,Voxup
2511,Canal Vie
2512,Chilevisión
2513,Universal Kids
2514,Kompas TV
2515,山东齐鲁电视台
2516,2BE
2517,Locomotion TV
2518,Ruutu
2519,2+2
2520,Свастик Продакшнс
2521,GloboNews
2522,SBS Food
2523,MAX
2524,ERT3
2525,HGTV
2526,JNN
2527,Watcher
2528,Revision3
2529,Prima
2530,Gshow
2531,RTI1
2532,SBS FiL
2533,Kampüs TV
2534,National Geographic Brasil
2535,Nelonen
2536,Canal FOX
2537,NRK Super
2538,wavve
2539,SVT Play
2540,MediaCorp Central
2541,NHK BS2
2542,ABC Me
2543,EBS 1
2544,Ripe TV
2545,Al Saudiya
2546,CNBC
2547,JAYE Ent.
2548,NST
2549,Casa e Cozinha
2550,Disney Junior
2551,La 1
2552,MBC 1
2553,CETV
2554,Xigua Video
2555, 10 Play
2556,antv
2557,NRK2
2558,ARY Digital
2559,优酷
2560,TVS Sydney
2561,Manhattan Neighborhood Network
2562,GAİN
2563,TFO
2564,Discovery Life
2565,DR Ultra
2566,Dplay
2567,Vudu
2568,Tv Cubana
2569,eToonz
2570,Aurora Community Channel
2571,Godt Norsk
2572,Talking World Media House
2573,PIK 1
2574,AsiaN
2575,RT UK
2576,Canal Brasil
2577,El Hiware et Tounsi
2578,WATCHVIM
2579,NDR Fernsehen
2580,Tiny Pop
2581,Comic-Con HQ
2582,ESPN
2583,iWant
2584,MTV Italia
2585,FX
2586,Keshet 12
2587,Universal Television
2588,Señal Colombia
2589,Channel M
2590,Doc Story
2591,Warner TV Serie
2592,Star India
2593,CNEWS
2594,BBC Knowledge
2595,iVysílání
2596,T+E
2597,Asianet
2598,Hallmark Channel
2599,RSK
2600,SERIES on
2601,MBC IRAQ
2602,Xee
2603,Jilin Television
2604,Multishow
2605,La Xarxa
2606,Max
2607,Flow
2608,Disney+ Hotstar
2609,Big Ten Network
2610,Phoenix Television
2611,movie
2612,Safari TV
2613,BritBox
2614,BUILD Series
2615,ZDFinfo
2616,CBC
2617,江苏卫视
2618,RTVE Play
2619,Gong
2620,Great American Country
2621,The Zeus Network
2622,DUST
2623,STAR+
2624,ČT3
2625,Kuwait TV
2626,yes VOD KIDS
2627,Drink TV
2628,La Une
2629,ProSieben
2630,Bibel TV
2631,K2
2632,Beijing Television
2633,TWOsmart
2634,A Plus
2635,Fukushima TV
2636,Disney Channel 
2637,RKC
2638,RTL Télé
2639,Nectar TV
2640,百视TV
2641,ASN
2642,STB
2643,Россия-1
2644,Elisa Viihde
2645,Bright House Sports Network
2646,Espansione TV
2647,RTK
2648,BSJapanext
2649,Associated Television
2650,Full Moon Features
2651,Machinima
2652,Toei Tokusatsu Fan Club
2653,Zeste
2654,Men & Motors
2655,Yorin
2656,Com@Tv
2657,Entertainment One
2658,MBS
2659,Atresplayer
2660,Cine 7
2661,Play Entertainment
2662,RTVC
2663,時代劇専門ch
2664,Yippee
2665,KFB
2666,NBA TV
2667,sky Drama
2668,Pantaya
2669,BBC iPlayer
2670,VTM GO
2671,funnyordie.com
2672,Ticfy Prime
2673,지니키즈
2674,Star Suvarna
2675,Russia-1
2676,深圳电视剧频道
2677,The Africa Channel
2678,AMC
2679,REN TV
2680,DD National
2681,Discovery Asia
2682,PBS
2683,Rocket Beans TV (DE)
2684,Warner TV
2685,YES Network
2686,陕西卫视
2687,Sundance Now
2688,STS
2689,국방TV
2690,sporttotal.tv
2691,ART Hekayat
2692,Chek
2693,Canal Algérie
2694,Pick
2695,Singapore Broadcasting Corporation
2696,아이코닉스
2697,AMI-télé
2698,HOT8
2699,安徽卫视
2700,sixx
2701,SBS Plus
2702,TVN 7
2703,WTSP
2704,BroadwayWorld
2705,LDC
2706,1 TV
2707,Sea Studios Foundation
2708,Express Entertainment
2709,Rustavi 2
2710,金鹰卡通
2711,MX Player
2712,TV Osaka
2713,Bem Simples
2714,Deutsche Welle
2715,iWantTFC
2716,MyNetworkTV
2717,Overland Network
2718,Acorn TV
2719,Youku
2720,SOAPnet
2721,ArirangTV
2722,HBO Europe
2723,RaiPlay
2724,XTM
2725,Gallery HD
2726,Interesnoe TV
2727,TV5 Monde Afrique
2728,bahrain tv
2729,ESPN.com
2730,VERY TV
2731,Universal Channel
2732,Fullscreen
2733,NPO 2
2734,polsat box
2735,GAORA
2736,Television Shin Hiroshima System
2737,Wados
2738,UNIVERSE
2739,bTV Cinema
2740,Arte 
2741,SBS funE
2742,Cowboy Way
2743,SR Fernsehen
2744,Federalna Televizija
2745,ION Television
2746,WE tv
2747,Nat Geo Mundo
2748,KEYC-TV
2749,SBS Sports
2750,GMM One
2751,CINAR
2752,Canal A
2753,TalkTV (UK)
2754,Rush HD
2755,tuttosport.com
2756,Azul Televisión
2757,Dropout
2758,Fox Sports Sun
2759,Yorkshire Television
2760,Polsat News
2761,RTSH 1
2762,MTV Philippines
2763,WCCO-TV
2764,North Texas Television
2765,PlayPlus
2766,Phoenix
2767,TV One
2768,iScreen
2769,Kabillion
2770,ici.radio-canada.ca
2771,HME ORIGINALS
2772,Super!
2773,RNN7
2774,NTV 
2775,Sebastiyan
2776,Vibrophil Media (DE)
2777,SBS M
2778,上海东方卫视
2779,Fuji TV TWO
2780,kykNET & Kie
2781,Rakuten TV
2782,R1
2783,Direct 8
2784,The Comedy Channel
2785,FIFA+
2786,CAZ
2787,TV-U Fukushima
2788,Viasat6
2789,HBO Latin America
2790,RTL9
2791,Mordu
2792,Opus
2793,Coture
2794,TV Diário
2795,Nippon News Network
2796,GMA FantaSeries
2797,a2tv
2798,tvN
2799,Kyushu Asahi Broadcasting
2800,Jolly HD
2801,Dhruva TV
2802,MPH Entertainment for Cesar Millan
2803,Philos
2804,Pax TV
2805,TMF
2806,Bold 
2807,CTV Life Channel
2808,The Hole
2809,ESPNews
2810,Zhejiang Television
2811,Smotrim
2812,TV 2 Fri
2813,El Rey Network
2814,NASA TV
2815,CCTV-9
2816,Teledoce
2817,RTÉ Player
2818,GBS
2819,HIFI
2820,Discovery+
2821,Armenia 1
2822,BR Fernsehen
2823,RTP Play
2824,HBO Canada
2825,CBS Reality
2826,Mind Trio
2827,Super3
2828,Galavisión
2829,True4U
2830,NTV Variety
2831,O2 TV Sport
2832,tagesschau24
2833,TV Chosun
2834,NowThatsTV
2835,DR Ramasjang
2836,ICI ARTV
2837,Benfica Play
2838,TV Matsumoto
2839,TRT 1
2840,StarPlus
2841,DailyWire+
2842,Viasat Film
2843,Europe 1
2844,Radio Bremen Fernsehen
2845,ΕΤ1
2846,HRTV
2847,Netflix
2848,Friday!
2849,Magyar Televízió
2850,Laugh Out Loud
2851,NHK＋
2852,ICI RDI
2853,TV Aratu
2854,OMNI
2855,truTV
2856,Boomerang
2857,K-STAR
2858,Panflix
2859,广东卫视
2860,Tubi
2861,Prima TV
2862,Doordarshan
2863,Sanak Batat
2864,YBC
2865,Citytv
2866,TV Globo
2867,Lodynet
2868,Junior
2869,First National Channel of the Belarusian TV
2870,KTH_키즈
2871,ZDTV
2872,Sab Tv
2873,Sky Nature
2874,Fashion One
2875,NHK
2876,Muz-TV
2877,SBS6
2878,Canal Uno
2879,ABC Family
2880,Rai 4
2881,vLive
2882,Lihaf
2883,Amazon Freevee
2884,Seezn
2885,Al-Nahar Drama
2886,BINGE
2887,kykNET
2888,J:COM
2889,PLANÈTE+
2890,Shanghai Television
2891,ESPNU
2892,سورية دراما
2893,Chaupal
2894,Armenia TV
2895,TVP2
2896,Shahid
2897,1+1
2898,SFP
2899,安徽广播电视台
2900,Blast
2901,Neox
2902,Nickelodeon
2903,ATN
2904,Echorouk Plus
2905,Hakka TV
2906,Womp Channel
2907,연합뉴스TV
2908,NPS
2909,HOOQ
2910,TVNZ 2
2911,ДТ Продакшн
2912,Focus
2913,Al Rabiaa Tv
2914,Fearnet On Demand
2915,Ryu-Q Asahi Broadcasting
2916,24 News HD
2917,ČT24
2918,WLVI
2919,mcot family
2920,Inc.
2921,BYU Television
2922,Play4
2923,Zee Marathi
2924,BOL Entertainment
2925,Canal+ Afrique
2926,Blue Sky
2927,KTS
2928,Zues
2929,Yey!
2930,Comedy Central
2931,H2
2932,TBN
2933,MTV Germany
2934,Kanal 6
2935,Balloons
2936,Perets
2937,플래디
2938,Food Network
2939,Free Speech TV
2940,WeiLai
2941,Sky Vision
2942,TV JOJ
2943,Noovo
2944,Al Iraqiya
2945,SRG SSR
2946,ABC TV Plus
2947,广州东方明珠文化传播有限公司
2948,7plus
2949,CBS News
2950,Daekyo Kids TV
2951,ITV Encore
2952,EarthxTV
2953,Ten
2954,SRF zwei
2955,Billiards TV
2956,The Inspiration Network
2957,Latina Televisión
2958,Samurai! TV
2959,Rai YoYo
2960,7TV
2961,ALLBLK
2962,Woohoo
2963,NRJ 12
2964,NET.
2965,Ideapod
2966,Prima LOVE
2967,Marvel Insider
2968,Kochi Sun Sun Broadcasting
2969,Amazon miniTV
2970,Danmarks Radio
2971,VIDI Space
2972,RTS Deux
2973,ZTV
2974,Channel 3
2975,iFilm
2976,Water Channel
2977,LiTV
2978,LG U+
2979,央视网
2980,SAT.1 Gold
2981,Jaag TV
2982,로이비쥬얼
2983,fyi
2984,Blackpills
2985,D'LIVE
2986,LIV Arabia
2987,Odyssey Network
2988,UPN
2989,ROXTEEN
2990,Thames Television
2991,北京影视频道
2992,KRO
2993,https://www.gdtv.cn/tvChannelDetail/43
2994,Ntv7
2995,Formosa TV
2996,another planet
2997,Kan 11
2998,Open Beyond TV
2999,TBS Brasil
3000,قناة القاهرة والناس 2
3001,TVN Turbo
3002,ProSieben Maxx
3003,London Weekend Television
3004,Love Nature
3005,CTV Northern Ontario
3006,NewTV
3007,VK (Ru)
3008,Disney Channel Asia
3009,Crime + Investigation
3010,Tc Televisión
3011,Smile
3012,Spotify
3013,VTM
3014,TV Novo Tempo
3015,COZI TV
3016,discovery+
3017,BNN
3018,YoYo TV
3019,Uribaba
3020,USPHTV
3021,ABC TV
3022,TVNZ 1
3023,WGCT-CA
3024,ENA
3025,GolTV
3026,FCT
3027,ina madelen
3028,HUM Arabia
3029,MTV
3030,Gunma TV
3031,Play Sports Open
3032,Kanal 11
3033,Yle TV1
3034,MyTV
3035,Auvio
3036,ANIBOX
3037,Sky Living
3038,TNV-Planeta
3039,KION
3040,SAGA TV
3041,WCAX-TV
3042,Kids Station
3043,Ehime Broadcasting
3044,El 33
3045,STN
3046,VoyageVoyage.ca
3047,ETB2
3048,7+ (AU)
3049,Oasis HD
3050,Warner TV Next
3051,Much 
3052,RTL Plus
3053,Discovery Geschichte
3054,Canal+
3055,5-tv
3056,TV2 Play
3057,Prime7
3058,Telenet Play More
3059,AtomFilms
3060,唐朝好男人2
3061,C8
3062,Canal 1
3063,Korean Central Television
3064,XtvN
3065,Giga Gloob
3066,Kanal 1
3067,Midlands Asian Television
3068,ČT sport
3069,Canal 14
3070,RTLup
3071,Sky History
3072,Namava
3073,Rai Storia
3074,MNCTV
3075,YTV
3076,AXN Korea
3077,Playstation Network
3078,Escape
3079,Vidol
3080,MBC 4
3081,MagentaTV
3082,VH1 Classic
3083,Nikkei CNBC
3084,Q2
3085,True Crime Network
3086,V
3087,GDS
3088,NFL Network
3089,芒果TV
3090,Al Kahera Wal Nas
3091,RSI LA1
3092,ARD-alpha
3093,CTV Two
3094,Mediapart
3095,Television Georgian SSR
3096,Canal 21
3097,RTL II
3098,큐허브
3099,Eurosport
3100,Bindass
3101,Binge
3102,Viaplay
3103,Mono29
3104,Minno
3105,iTV Thailand
3106,CINE.AR
3107,VARA
3108,Judy
3109,Sky Sport News
3110,ELLE Fictions
3111,Canal 13
3112,RAI 4K
3113,ΝΕΤ
3114,Stargate Command
3115,TPS Jeunesse
3116,TVOntario
3117,STV
3118,DPTV
3119,Ukraine
3120,COM BRASIL
3121,Canal Trece
3122,WMAQ-TV
3123,Z
3124,enVedette
3125,SuomiTV
3126,Télé-Québec
3127,DirecTV Now
3128,KKT
3129,First Channel
3130,Scoop
3131,Matkanalen
3132,WTTW
3133,WTBS Atlanta
3134,Boomerang DE
3135,MX CASTING
3136,Quest
3137,Myanmar National TV (MNTV)
3138,Will Media
3139,CBCDrama
3140,凤凰卫视
3141,Pursuit Channel
3142,Bell TV
3143,WOW Presents Plus
3144,Showcase TV
3145,e extra
3146,gotv
3147,TV Excelsior
3148,DMM.com
3149,El Toro TV
3150,Vale TV
3151,PlayZ
3152,TRO
3153,Toei Channel
3154,Filimo
3155,Cooking Channel
3156,Daum
3157,Information TV
3158,Pakistan Television Network
3159,HD1
3160,e.tv
3161,Channel 5
3162,Inc
3163,Nagasaki Culture Telecasting Corporation
3164,Spiegel TV Wissen
3165,Hobby Japan
3166,WJYS
3167,WHYNOT
3168,KFI-TV
3169,Chukyo TV
3170,24 horas
3171,AwesomeTV
3172,BS12 TwellV
3173,Shanxi Television
3174,CH.DIA
3175,HOY TV
3176,TV Puls
3177,Karya Yapım
3178,Dlive
3179,IRIB tv4
3180,RTSI
3181,SBS
3182,Foxtel Arts
3183,Community Channel
3184,Toyama Television
3185,Fuji News Network
3186,Playmo
3187,Fox Latin America
3188,FBC
3189,Rock & Pop
3190,Shudder
3191,A+E Networks UK
3192,Television Maldives
3193,MBC Drama
3194,CHILI
3195,National Geographic: Latinoamérica
3196,RCI viva
3197,TV Zimbo
3198,Network Television Marketing
3199,Al Rabiaa
3200,tva.ca
3201,WKAR-TV (US)
3202,Fox Premium Action
3203,TRT Belgesel
3204,CTV Drama Channel
3205,ONF/NFB
3206,KBS N SPORTS
3207,My Canal
3208,LMT Viedtelevīzija
3209,Ishikawa TV
3210,VPK
3211,Junior TV
3212,قطاع الإنتاج - إتحاد الإذاعة والتلفزيون (ج.م.ع)
3213,KHJ-TV
3214,Super
3215,Nerve.com
3216,oksusu
3217,WIPR
3218,Real Madrid TV
3219,BiteTV
3220,Top Channel 
3221,France Télévisions Jeunesse
3222,Nolife
3223,LCP - Assemblée nationale
3224,Nile Comedy
3225,TV3 Estonia
3226,WRC-TV
3227,La 2
3228,VIPA
3229,Свэлл
3230,VTV
3231,TysonPlus
3232,Radio-Québec
3233,Makedonia TV
3234,Arig Us
3235,eltrece
3236,Tele Asa Channel 1
3237,unis.ca
3238,TSK
3239,TLUM HD
3240,MUTV
3241,Sky Italia
3242,Milkshake!
3243,UULA
3244,rowbot productions
3245,TV Rá-Tim-Bum
3246,Channel 6
3247,ORF III
3248,Omrop Fryslân
3249,RTU
3250,VT4
3251,Animal Planet Brasil
3252,PokerGO
3253,Chiba TV
3254,AutoMoto La Chaine (FR)
3255,Astro Vinmeen
3256,Nat Geo Wild
3257,BbangyaTV
3258,CBC Television
3259,ESPN Australia
3260,Rapture TV
3261,Hungama
3262,Gley
3263,Alsharqiya TV
3264,music.jp
3265,hoichoi
3266,VRV
3267,НЬЮ АРТ СИНЕМА ПРОДАКШН
3268,UTV IRAQ
3269,Qalbox
3270,AXS TV
3271,Family Gekijo
3272,Life TV
3273,C2S Network
3274,CBS
3275,puhutv
3276,Amazon Kids+
3277,더라이프
3278,dabei TV
3279,Astro Aruna
3280,FTV
3281,Hum Sitaray
3282,ullu
3283,Stardom World
3284,3+
3285,NPO 3
3286,TV Land
3287,one
3288,RTS 1
3289,tvN Story
3290,Al Arabiya
3291,ohcon
3292,ALTBalaji
3293,Country Music Channel
3294,Discovery Family
3295,Wishland Studio
3296,addikTV
3297,ČT2
3298,SportsChannel America
3299,KTLA
3300,Rocket Beans TV
3301,DIA TV PLUS
3302,Comedy.TV
3303,Ultraman Connection
3304,SDR
3305,Guangzhou Broadcasting Network
3306,Kijk (NL)
3307,Comedy TV
3308,i-CABLE
3309,Mello Thailand
3310,Versus
3311,Sahar TV
3312,Кино1ТВ
3313,STRO
3314,JioCinema
3315,Kanccha Lannka
3316,Shizuoka Kenmin TV
3317,SBT Vídeos
3318,Geo News
3319,Movie Full+
3320,Discovery Home & Health Brasil
3321,Food Network Polska
3322,Alpha Cyprus
3323,VTV6
3324,Tien
3325,DR Minisjang
3326,CTV Atlantic
3327,Zee Q
3328,BitTorrent
3329,Canal Sur
3330,UN3TV
3331,Google Podcasts
3332,NOTTV
3333,Piwi+
3334,teve2
3335,JTBC4
3336,TV1
3337,go90
3338,UKTV History
3339,TVNZ Duke
3340,TVS
3341,logotv.com
3342,Clan
3343,Gloobinho
3344,SkyGo
3345,BET+
3346,Real Time
3347,RTF Télévision
3348,NOS
3349,SEN TV
3350,GTV Variety Show
3351,OHK
3352,National Indigenous Television
3353,Televisión Nacional de Chile
3354,Super Studios+
3355,НЛО TV
3356,깨비키즈
3357,MAXStream
3358,Telecinco
3359,Canadian Broadcast Company
3360,TV24 (CH)
3361,Oita Broadcasting System
3362,The Nashville Network
3363,FreeSports
3364,Star Bharat
3365,CTV
3366,SABC 2
3367,TVT
3368,Animax Asia
3369,Sony YAY!
3370,Colors Infinity
3371,Olympic Channel
3372,AT-X
3373,Česká televize
3374,Pulse Prime
3375,Television Latvian SSR
3376,ESPN Classic
3377,Canal Cocina
3378,欢迎光临，千岁酱
3379,BOP1 Productions Inc.
3380,Lesflicks
3381,HonorClub
3382,Vivamax Original Series
3383,My Damn Channel
3384,Imagen Televisión
3385,Documentary Channel
3386,TV Globo Brasília
3387,LAFTEL
3388,TV Yamanashi
3389,Kvartal TV
3390,addik.tv
3391,BBC Earth
3392,GaroyeTV
3393,Toute l'Histoire
3394,RMC Sport
3395,BONGO
3396,sky Travel
3397,Kumamoto Asahi Broadcasting
3398,BluTV